"jborowiec@tamu.edu" <jborowiec@tamu.edu>; "vivek.khanna@wsp.com" <vivek.khanna@wsp.com>; "lhenderson@dowl.com" <lhenderson@dowl.com>; "verne.skagerberg@alaska.gov" <verne.skagerberg@alaska.gov>; "Merrill.Atwater@ks.gov" <Merrill.Atwater@ks.gov>; "dabyers@quadrex.aero" <dabyers@quadrex.aero>; "correia@ita.br" <correia@ita.br>; "emckenzie@camsys.com" <emckenzie@camsys.com>; "lcullen@vhb.com" <lcullen@vhb.com>; "zach.deveau@kimley-horn.com" <zach.deveau@kimley-horn.com>; "kent.duffy@faa.gov" <kent.duffy@faa.gov>; "eagertonj@dot.state.al.us" <eagertonj@dot.state.al.us>; "ehsan@mitre.org" <ehsan@mitre.org>; "Friedend@erau.edu" <Friedend@erau.edu>; "denise.garcia@state.ma.us" <denise.garcia@state.ma.us>; "julie@jmgairportconsulting.com" <julie@jmgairportconsulting.com>; "jim.halley@kimley-horn.com" <jim.halley@kimley-horn.com>; "ichouas@erau.edu" <ichouas@erau.edu>; "amy.kim@ualberta.ca" <amy.kim@ualberta.ca>; "lois@krameraerotek.com" <lois@krameraerotek.com>; "slandau@edrgroup.com" <slandau@edrgroup.com>; "lleung@experiencetheskies.com" <lleung@experiencetheskies.com>; "inettey@kent.edu" <inettey@kent.edu>; "Reiner.Pelzer@aecom.com" <Reiner.Pelzer@aecom.com>; "tphillips.kpa@gmail.com" <tphillips.kpa@gmail.com>; "yasmina.platt@aecom.com" <yasmina.platt@aecom.com>; "purcell.arlyn@portseattle.org" <purcell.arlyn@portseattle.org>; "rottler.1@osu.edu" <rottler.1@osu.edu>; "robert.samis@faa.gov" <robert.samis@faa.gov>; "mshah@aroraengineers.com" <mshah@aroraengineers.com>; "jwtian@kpa.aero" <jwtian@kpa.aero>; "pfvieira1@hotmail.com" <pfvieira1@hotmail.com>; "stephanie.ward@meadhunt.com" <stephanie.ward@meadhunt.com>; "mwells@mitre.org" <mwells@mitre.org>; "Adam.Williams@aopa.org" <Adam.Williams@aopa.org>; "bkyap@ncdot.gov" <bkyap@ncdot.gov>; "gdgosling@aol.com" <gdgosling@aol.com>; "lkhoward41@aol.com" <lkhoward41@aol.com>; "abdel776@erau.edu" <abdel776@erau.edu>; "joe.adams@txdot.gov" <joe.adams@txdot.gov>; "vasco.afonso@netcabo.pt" <vasco.afonso@netcabo.pt>; "amatya@scag.ca.gov" <amatya@scag.ca.gov>; "tjanderz@mtu.edu" <tjanderz@mtu.edu>; "p.angeloudis@imperial.ac.uk" <p.angeloudis@imperial.ac.uk>; "angela.archibeque@state.nm.us" <angela.archibeque@state.nm.us>; "audenaerd@mitre.org" <audenaerd@mitre.org>; "lisa.aultman-hall@uvm.edu" <lisa.aultman-hall@uvm.edu>; "aussendorf@gmail.com" <aussendorf@gmail.com>; "anna.barlett@faa.gov" <anna.barlett@faa.gov>; "geoffbaskir@gmail.com" <geoffbaskir@gmail.com>; "sbeatty@kpmg.ca" <sbeatty@kpmg.ca>; "jebernstein@gmail.com" <jebernstein@gmail.com>; "blomme.george@gmail.com" <blomme.george@gmail.com>; "fbonset@vhb.com" <fbonset@vhb.com>; "DBrand@crai.com" <DBrand@crai.com>; "edbrandes@gmail.com" <edbrandes@gmail.com>; "michael.branum@navy.mil" <michael.branum@navy.mil>; "fabian@itepinc.org" <fabian@itepinc.org>; "jcampos@cssiinc.com" <jcampos@cssiinc.com>; "wcastillo@broward.org" <wcastillo@broward.org>; "pclark@panynj.gov" <pclark@panynj.gov>; "ron.coleman@dot.ny.gov" <ron.coleman@dot.ny.gov>; "debarros@ucalgary.ca" <debarros@ucalgary.ca>; "erin.a.degutis@xcelenergy.com" <erin.a.degutis@xcelenergy.com>; "shellydezevallos@gmail.com" <shellydezevallos@gmail.com>; "rdonnelly@tbiilm.com" <rdonnelly@tbiilm.com>; "meagan@hmmh.com" <meagan@hmmh.com>; "wfan7@uncc.edu" <wfan7@uncc.edu>; "bfaulkne@gmail.com" <bfaulkne@gmail.com>; "j_francosky@ricondo.com" <j_francosky@ricondo.com>; "uzi.feinstein@gmail.com" <uzi.feinstein@gmail.com>; "qf1@ualberta.ca" <qf1@ualberta.ca>; "jmfuller@ncdot.gov" <jmfuller@ncdot.gov>; "michael.garrity@state.ma.us" <michael.garrity@state.ma.us>; "laurie.garrow@ce.gatech.edu" <laurie.garrow@ce.gatech.edu>; "ryan.gaug@state.mn.us" <ryan.gaug@state.mn.us>; "jenniferg@mitre.org" <jenniferg@mitre.org>; "cgerencher@nas.edu" <cgerencher@nas.edu>; "sharon.glasgow@faa.gov" <sharon.glasgow@faa.gov>; "enrique.gonzalez1@upr.edu" <enrique.gonzalez1@upr.edu>; "sgreene@hntb.com" <sgreene@hntb.com>; "donald.guffey@faa.gov" <donald.guffey@faa.gov>; "tom.gunnarson@zee.aero" <tom.gunnarson@zee.aero>; "handler.bh96@gmail.com" <handler.bh96@gmail.com>; "HodgmaR@wsdot.wa.gov" <HodgmaR@wsdot.wa.gov>; "cyhsiao@nctu.edu.tw" <cyhsiao@nctu.edu.tw>; "rylan.juran@state.mn.us" <rylan.juran@state.mn.us>; "Pam.Keidel-Adams@Kimley-Horn.com" <Pam.Keidel-Adams@Kimley-Horn.com>; "wjk@atac.com" <wjk@atac.com>; "airprtw96@aol.com" <airprtw96@aol.com>; "gael.lebris@gmail.com" <gael.lebris@gmail.com>; "difuliang@berkeley.edu" <difuliang@berkeley.edu>; "jlovejoy@augustaga.gov" <jlovejoy@augustaga.gov>; "smassey@tbiric.com" <smassey@tbiric.com>; "antonio.massidda@gmail.com" <antonio.massidda@gmail.com>; "mirzahossein@eng.ikiu.ac.ir" <mirzahossein@eng.ikiu.ac.ir>; "simon.mosbah@wsp.com" <simon.mosbah@wsp.com>; "katrina.moss@faa.gov" <katrina.moss@faa.gov>; "wajahat.nassar@gmail.com" <wajahat.nassar@gmail.com>; "carolyn.nelson@txdot.gov" <carolyn.nelson@txdot.gov>; "anadawn@umich.edu" <anadawn@umich.edu>; "logard@new.rr.com" <logard@new.rr.com>; "joliver@inn-x.com" <joliver@inn-x.com>; "matan@aglaviation.co.il" <matan@aglaviation.co.il>; "coswald@aci-na.org" <coswald@aci-na.org>; "tamara.pejovic@eurocontrol.int" <tamara.pejovic@eurocontrol.int>; "kent.penney@kljeng.com" <kent.penney@kljeng.com>; "giuseppe.pinto@urs.com" <giuseppe.pinto@urs.com>; "AymericPunel2014@u.northwestern.edu" <AymericPunel2014@u.northwestern.edu>; "kayodhi@yahoo.com" <kayodhi@yahoo.com>; "ulf.roed@avinor.no" <ulf.roed@avinor.no>; "david.rubin@alum.mit.edu" <david.rubin@alum.mit.edu>; "sandersrs@cdmsmith.com" <sandersrs@cdmsmith.com>; "TSchatz@nas.edu" <TSchatz@nas.edu>; "jeff.sedlak@Jacobs.com" <jeff.sedlak@Jacobs.com>; "vaishalip3@gmail.com" <vaishalip3@gmail.com>; "stavros.sidiropoulos10@imperial.ac.uk" <stavros.sidiropoulos10@imperial.ac.uk>; "gstaba@nas.edu" <gstaba@nas.edu>; "Clayton.Stambaugh@illinois.gov" <Clayton.Stambaugh@illinois.gov>; "christopher.swider@faa.gov" <christopher.swider@faa.gov>; "stimar@atcorp.com" <stimar@atcorp.com>; "wmtippin@webster.edu" <wmtippin@webster.edu>; "Morgan.Turner@meadhunt.com" <Morgan.Turner@meadhunt.com>; "skydanscer@yahoo.com" <skydanscer@yahoo.com>; "Ben.Willems@faa.gov" <Ben.Willems@faa.gov>; "christy.yaffa@wyo.gov" <christy.yaffa@wyo.gov>; "sarah.y@alum.mit.edu" <sarah.y@alum.mit.edu>; "gyoung@collegeparkga.com" <gyoung@collegeparkga.com>; "young.1460@osu.edu" <young.1460@osu.edu>; "steve.m.young2@illinois.gov" <steve.m.young2@illinois.gov>; "azhar.hussain@indstate.edu" <azhar.hussain@indstate.edu>; "smomtaz@knights.ucf.edu" <smomtaz@knights.ucf.edu>; "amiy.varma@ndsu.edu" <amiy.varma@ndsu.edu>; "khadipour@kleinfelder.com" <khadipour@kleinfelder.com>; "drabinowitz@mitre.org" <drabinowitz@mitre.org>; "mclow@avports.com" <mclow@avports.com>; "michael.d.patterson@nasa.gov" <michael.d.patterson@nasa.gov>; "buddsb@michigan.gov" <buddsb@michigan.gov>; "katie@maesawyr.com" <katie@maesawyr.com>; "raissadevy@gmail.com" <raissadevy@gmail.com>; "tusaeed@purdue.edu" <tusaeed@purdue.edu>; "moultonk@saccounty.net" <moultonk@saccounty.net>; "swinslow@deltaairport.com" <swinslow@deltaairport.com>; "Jagoda.Egeland@oecd.org" <Jagoda.Egeland@oecd.org>; "chaoh@purdue.edu" <chaoh@purdue.edu>; "dansuh@design.upenn.edu" <dansuh@design.upenn.edu>; "peter.hylton@gatech.edu" <peter.hylton@gatech.edu>; "progers@kprcompany.com" <progers@kprcompany.com>; "bdballard@gra-inc.com" <bdballard@gra-inc.com>; "jdavis@econometricainc.com" <jdavis@econometricainc.com>; "joshua.horst@gmail.com" <joshua.horst@gmail.com>; "madwyck@hotmail.com" <madwyck@hotmail.com>; "ikaraca@iastate.edu" <ikaraca@iastate.edu>; "regan.schnug@kimley-horn.com" <regan.schnug@kimley-horn.com>; "andy.keith@dot.state.fl.us" <andy.keith@dot.state.fl.us>; "belias@crs.loc.gov" <belias@crs.loc.gov>; "teketinutan@gmail.com" <teketinutan@gmail.com>; "swn@mccarran.com" <swn@mccarran.com>; "michael.hanowsky@leighfisher.com" <michael.hanowsky@leighfisher.com>; "tlong28@kent.edu" <tlong28@kent.edu>; "cmoore0027@verizon.net" <cmoore0027@verizon.net>; "smokh005@fiu.edu" <smokh005@fiu.edu>; "clarkw@navcanada.ca" <clarkw@navcanada.ca>; "lmx@udel.edu" <lmx@udel.edu>; "jonarnold@ncdot.gov" <jonarnold@ncdot.gov>; "t.feng@tue.nl" <t.feng@tue.nl>; "millicent.parker@modot.mo.gov" <millicent.parker@modot.mo.gov>; "dalvarez@lawa.org" <dalvarez@lawa.org>; "msalamone@nas.edu" <msalamone@nas.edu>; "ddivakaran@ncdot.gov" <ddivakaran@ncdot.gov>; "yuanwang1@mail.usf.edu" <yuanwang1@mail.usf.edu>; "mpagliarello@aci-na.org" <mpagliarello@aci-na.org>; "dtomporo@uw.edu" <dtomporo@uw.edu>; "smsamand@ncsu.edu" <smsamand@ncsu.edu>; "czerwinj2@hawkmail.newpaltz.edu" <czerwinj2@hawkmail.newpaltz.edu>; "hamzakamrankhawaja@hotmail.com" <hamzakamrankhawaja@hotmail.com>; "united803@gmail.com" <united803@gmail.com>; "mike.maynard@jviation.com" <mike.maynard@jviation.com>; "sterling.wiggins@faa.gov" <sterling.wiggins@faa.gov>; "sahmed@mitre.org" <sahmed@mitre.org>; "Smohebbi@itcurves.net" <Smohebbi@itcurves.net>; "hdoyle@aviationsafetyresearch.org" <hdoyle@aviationsafetyresearch.org>; "chris@kutchins-groh.com" <chris@kutchins-groh.com>; "wlbrown@umes.edu" <wlbrown@umes.edu>; "brady.brewster@jacobs.com" <brady.brewster@jacobs.com>; "ryan.nalty@gmail.com" <ryan.nalty@gmail.com>; "jcharbonnel2017@my.fit.edu" <jcharbonnel2017@my.fit.edu>; "Jessica.Hoffman@ch2m.com" <Jessica.Hoffman@ch2m.com>
